Workbook

Sheet Data Aset
A1: TEMPLATE DATA ASET - ELEKTRONIK
A3: No | B3: Kode Aset | C3: Unit | D3: Lokasi | E3: Jenis Elektronik | F3: Nama Aset | G3: Merk | H3: Model/Tipe | I3: Spesifikasi | J3: Nomor Seri | K3: Tanggal Perolehan | L3: Tahun Perolehan | M3: Harga Perolehan | N3: Kode Akun Aset | O3: Umur Manfaat | P3: Akum. Penyusutan | Q3: Nilai Buku | R3: Kondisi | S3: Status | T3: PIC/Pengguna | U3: Keterangan | V3: Sumber Data
A4: 1 | C4: TKIA 24 JATIKRAMAT | E4: Infocus | F4: Infocus | I4: Jumlah: 1 Unit | L4: 2018 | M4: 3000000 | O4: 4 | P4: 3000000 | Q4: 0 | S4: Aktif | V4: LIST ASSET YPIK 2025(1).xlsx | Inv. TKIA
A5: 2 | C5: TKIA 24 JATIKRAMAT | E5: Sound System | F5: Sound System | I5: Jumlah: 1 Unit | L5: 2018 | M5: 500000 | O5: 4 | P5: 500000 | Q5: 0 | S5: Aktif | V5: LIST ASSET YPIK 2025(1).xlsx | Inv. TKIA
A6: 3 | C6: TKIA 24 JATIKRAMAT | E6: CCTV | F6: CCTV | I6: Jumlah: 1 Unit | L6: 2018 | M6: 1250000 | O6: 4 | P6: 1250000 | Q6: 0 | S6: Aktif | V6: LIST ASSET YPIK 2025(1).xlsx | Inv. TKIA
A7: 4 | C7: TKIA 24 JATIKRAMAT | E7: Dispenser | F7: Dispenser | I7: Jumlah: 1 Unit | L7: 2018 | M7: 200000 | O7: 4 | P7: 200000 | Q7: 0 | S7: Aktif | V7: LIST ASSET YPIK 2025(1).xlsx | Inv. TKIA
A8: 5 | C8: TKIA 24 JATIKRAMAT | E8: Kipas Angin | F8: Kipas Angin | I8: Jumlah: 1 Unit | L8: 2018 | M8: 500000 | O8: 4 | P8: 500000 | Q8: 0 | S8: Aktif | V8: LIST ASSET YPIK 2025(1).xlsx | Inv. TKIA
A9: 6 | C9: TKIA 24 JATIKRAMAT | E9: CCTV Central | F9: CCTV Central | I9: Jumlah: 1 Unit | L9: 2018 | M9: 3000000 | O9: 4 | P9: 3000000 | Q9: 0 | S9: Aktif | V9: LIST ASSET YPIK 2025(1).xlsx | Inv. TKIA
A10: 7 | C10: TKIA 24 JATIKRAMAT | E10: Kulkas 2 Pintu | F10: Kulkas 2 Pintu | I10: Jumlah: 1 Unit | L10: 2018 | M10: 2000000 | O10: 4 | P10: 2000000 | Q10: 0 | S10: Aktif | V10: LIST ASSET YPIK 2025(1).xlsx | Inv. TKIA
A11: 8 | C11: TKIA 24 JATIKRAMAT | E11: Kipas Angin | F11: Kipas Angin | I11: Jumlah: 1 Unit | L11: 2018 | M11: 500000 | O11: 4 | P11: 500000 | Q11: 0 | S11: Aktif | V11: LIST ASSET YPIK 2025(1).xlsx | Inv. TKIA
A12: 9 | C12: TKIA 24 JATIKRAMAT | E12: Mic Wireless | F12: Mic Wireless | I12: Jumlah: 1 Unit | L12: 2018 | M12: 1000000 | O12: 4 | P12: 1000000 | Q12: 0 | S12: Aktif | V12: LIST ASSET YPIK 2025(1).xlsx | Inv. TKIA
A13: 10 | C13: TKIA 24 JATIKRAMAT | E13: CCTV - Sensor | F13: CCTV - Sensor | I13: Jumlah: 1 Unit | L13: 2018 | M13: 1500000 | O13: 4 | P13: 1500000 | Q13: 0 | S13: Aktif | V13: LIST ASSET YPIK 2025(1).xlsx | Inv. TKIA
A14: 11 | C14: TKIA 24 JATIKRAMAT | E14: Infocus | F14: Infocus | I14: Jumlah: 1 Unit | L14: 2018 | M14: 3000000 | O14: 4 | P14: 3000000 | Q14: 0 | S14: Aktif | V14: LIST ASSET YPIK 2025(1).xlsx | Inv. TKIA
A15: 12 | C15: TKIA 24 JATIKRAMAT | E15: Layar Infocus | F15: Layar Infocus | I15: Jumlah: 1 Unit | L15: 2018 | M15: 1500000 | O15: 4 | P15: 1500000 | Q15: 0 | S15: Aktif | V15: LIST ASSET YPIK 2025(1).xlsx | Inv. TKIA
... A23: 20 | C23: TKIA 24 JATIKRAMAT | E23: Kipas Angin | F23: Kipas Angin | I23: Jumlah: 1 Unit | L23: 2018 | M23: 300000 | O23: 4 | P23: 300000 | Q23: 0 | S23: Aktif | V23: LIST ASSET YPIK 2025(1).xlsx | Inv. TKIA
A24: 21 | C24: TKIA 24 JATIKRAMAT | E24: Maintenance CCTV TKIA | F24: Maintenance CCTV TKIA | L24: 2023 | M24: 370000 | O24: 4 | P24: 185000 | Q24: 185000 | S24: Aktif | V24: LIST ASSET YPIK 2025(1).xlsx | Inv. TKIA
A25: 22 | C25: TKIA 24 JATIKRAMAT | E25: Pembelian Lampu Panasonic Untuk TKIA (Mitra 10) | F25: Pembelian Lampu Panasonic Untuk TKIA (Mitra 10) | L25: 2023 | M25: 1359500 | O25: 4 | P25: 634433 | Q25: 725067 | S25: Aktif | V25: LIST ASSET YPIK 2025(1).xlsx | Inv. TKIA
A26: 23 | C26: TKIA 24 JATIKRAMAT | E26: Pembelian Kipas Angin/Blower Lantai 1 TA 2023/2024 TKIA | F26: Pembelian Kipas Angin/Blower Lantai 1 TA 2023/2024 TKIA | I26: Jumlah: 1 Unit | L26: 2023 | M26: 1000000 | O26: 4 | P26: 433333 | Q26: 566667 | S26: Aktif | V26: LIST ASSET YPIK 2025(1).xlsx | Inv. TKIA
A27: 24 | C27: TKIA 24 JATIKRAMAT | E27: Penambahan CCTV TKIA | F27: Penambahan CCTV TKIA | I27: Jumlah: 5 U nit | L27: 2023 | M27: 9690000 | O27: 4 | P27: 4037500 | Q27: 5652500 | S27: Aktif | V27: LIST ASSET YPIK 2025(1).xlsx | Inv. TKIA
A28: 25 | C28: SDIA 23 JATIKRAMAT | E28: Kulkas | F28: Kulkas | I28: Jumlah: 1 | L28: 2018 | M28: 1500000 | O28: 4 | P28: 1500000 | Q28: 0 | S28: Aktif | V28: LIST ASSET YPIK 2025(1).xlsx | Inv. SDIA
A29: 26 | C29: SDIA 23 JATIKRAMAT | E29: CCTV SDIA 23 | F29: CCTV SDIA 23 | I29: Jumlah: 14 Unit | L29: 2019 | M29: 28000000 | O29: 4 | P29: 28000000 | Q29: 0 | S29: Aktif | V29: LIST ASSET YPIK 2025(1).xlsx | Inv. SDIA
A30: 27 | C30: SDIA 23 JATIKRAMAT | E30: CCTV SDIA | F30: CCTV SDIA | L30: 2023 | M30: 2500000 | O30: 4 | P30: 1250000 | Q30: 1250000 | S30: Aktif | V30: LIST ASSET YPIK 2025(1).xlsx | Inv. SDIA
A31: 28 | C31: SDIA 23 JATIKRAMAT | E31: Pembelian Mic Wireless (1 Pasang) | F31: Pembelian Mic Wireless (1 Pasang) | I31: Jumlah: 1 Unit | L31: 2023 | M31: 664000 | O31: 4 | P31: 376267 | Q31: 287733 | S31: Aktif | V31: LIST ASSET YPIK 2025(1).xlsx | Inv. SDIA
A32: 29 | C32: SDIA 23 JATIKRAMAT | E32: Pembelian Bracket TV Standing 2 Unit untuk SDIA | F32: Pembelian Bracket TV Standing 2 Unit untuk SDIA | I32: Jumlah: 2 Unit | L32: 2023 | M32: 1700000 | O32: 4 | P32: 850000 | Q32: 850000 | S32: Aktif | V32: LIST ASSET YPIK 2025(1).xlsx | Inv. SDIA
A33: 30 | C33: SDIA 23 JATIKRAMAT | E33: DP Pembelian Sound System SDIA | F33: DP Pembelian Sound System SDIA | I33: Jumlah: 1 Set | L33: 2023 | M33: 30000000 | O33: 4 | P33: 14500000 | Q33: 15500000 | S33: Aktif | V33: LIST ASSET YPIK 2025(1).xlsx | Inv. SDIA
A34: 31 | C34: SDIA 23 JATIKRAMAT | E34: Pelunasan Pembelian Sound System/Speaker untuk SDIA | F34: Pelunasan Pembelian Sound System/Speaker untuk SDIA | I34: Jumlah: 1 Set | L34: 2023 | M34: 26000000 | O34: 4 | P34: 12566667 | Q34: 13433333 | S34: Aktif | V34: LIST ASSET YPIK 2025(1).xlsx | Inv. SDIA
A35: 32 | C35: SDIA 23 JATIKRAMAT | E35: Pembelian Lampu Panasonic di Mitra 10 Tgl 23 Sept 2023 | F35: Pembelian Lampu Panasonic di Mitra 10 Tgl 23 Sept 2023 | L35: 2023 | M35: 974700 | O35: 4 | P35: 454860 | Q35: 519840 | S35: Aktif | V35: LIST ASSET YPIK 2025(1).xlsx | Inv. SDIA
A36: 33 | C36: SDIA 23 JATIKRAMAT | E36: Pembelian Lampu Philips (Mitra 10) Tgl 24 Okt 2023 | F36: Pembelian Lampu Philips (Mitra 10) Tgl 24 Okt 2023 | L36: 2023 | M36: 3828200 | O36: 4 | P36: 1722690 | Q36: 2105510 | S36: Aktif | V36: LIST ASSET YPIK 2025(1).xlsx | Inv. SDIA
A37: 34 | C37: SDIA 23 JATIKRAMAT | E37: Pembelian Lampu dan Operasional Tgl 31 Okt 2023 | F37: Pembelian Lampu dan Operasional Tgl 31 Okt 2023 | L37: 2023 | M37: 905500 | O37: 4 | P37: 392383 | Q37: 513117 | S37: Aktif | V37: LIST ASSET YPIK 2025(1).xlsx | Inv. SDIA
A38: 35 | C38: SDIA 23 JATIKRAMAT | E38: Pembelian Dispenser & Jam Dinding SD | F38: Pembelian Dispenser & Jam Dinding SD | L38: 2024 | M38: 355400 | O38: 4 | P38: 112543 | Q38: 242857 | S38: Aktif | V38: LIST ASSET YPIK 2025(1).xlsx | Inv. SDIA
A39: 36 | C39: SDIA 23 JATIKRAMAT | E39: Pembelian Kipas Angin Satpam SDIA | F39: Pembelian Kipas Angin Satpam SDIA | L39: 2024 | M39: 350000 | O39: 4 | P39: 99167 | Q39: 250833 | S39: Aktif | V39: LIST ASSET YPIK 2025(1).xlsx | Inv. SDIA
A40: 37 | C40: SDIA 23 JATIKRAMAT | E40: Pembelian Microphone SDIA | F40: Pembelian Microphone SDIA | L40: 2024 | M40: 458300 | O40: 4 | P40: 122213 | Q40: 336087 | S40: Aktif | V40: LIST ASSET YPIK 2025(1).xlsx | Inv. SDIA
A41: 38 | C41: SDIA 23 JATIKRAMAT | E41: Pembelian Mic & Kabel SDIA | F41: Pembelian Mic & Kabel SDIA | L41: 2024 | M41: 218000 | O41: 4 | P41: 58133 | Q41: 159867 | S41: Aktif | V41: LIST ASSET YPIK 2025(1).xlsx | Inv. SDIA
A42: 39 | C42: SDIA 23 JATIKRAMAT | E42: Pembelian TV Plasma Aqua 58 Inch 2 Unit | F42: Pembelian TV Plasma Aqua 58 Inch 2 Unit | L42: 2025 | M42: 14789500 | O42: 4 | P42: 1725441.7 | Q42: 13064058 | S42: Aktif | V42: LIST ASSET YPIK 2025(1).xlsx | Inv. SDIA
A43: 40 | C43: SDIA 23 JATIKRAMAT | E43: Pembelian 5 Unit TV Plasma Aqua 58 Inch untuk SDIA & TKIA | F43: Pembelian 5 Unit TV Plasma Aqua 58 Inch untuk SDIA & TKIA | L43: 2025 | M43: 31495000 | O43: 4 | P43: 3149500 | Q43: 28345500 | S43: Aktif | V43: LIST ASSET YPIK 2025(1).xlsx | Inv. SDIA
A44: 41 | C44: SDIA 23 JATIKRAMAT | E44: Pembelian 5 Unit Bracket Standing TV Plasma | F44: Pembelian 5 Unit Bracket Standing TV Plasma | L44: 2025 | M44: 6262500 | O44: 4 | P44: 626250 | Q44: 5636250 | S44: Aktif | V44: LIST ASSET YPIK 2025(1).xlsx | Inv. SDIA
A45: 42 | C45: SDIA 23 JATIKRAMAT | E45: Pembelian 3 Unit Dispenser untuk Kelas Baru SDIA | F45: Pembelian 3 Unit Dispenser untuk Kelas Baru SDIA | L45: 2025 | M45: 674200 | O45: 4 | P45: 67420 | Q45: 606780 | S45: Aktif | V45: LIST ASSET YPIK 2025(1).xlsx | Inv. SDIA
A46: 43 | C46: YPIK PAM JAYA | E46: Proyektor & Sreeen Shoot | F46: Proyektor & Sreeen Shoot | I46: Jumlah: 1 Unit | L46: 2018 | M46: 4000000 | O46: 4 | P46: 4000000 | Q46: 0 | S46: Aktif | V46: LIST ASSET YPIK 2025(1).xlsx | Inv. YPIK
A47: 44 | C47: YPIK PAM JAYA | E47: CCTV - 4 Camera, Recorder dll | F47: CCTV - 4 Camera, Recorder dll | I47: Jumlah: 1 Set | L47: 2018 | M47: 18036000 | O47: 4 | P47: 18036000 | Q47: 0 | S47: Aktif | V47: LIST ASSET YPIK 2025(1).xlsx | Inv. YPIK
A48: 45 | C48: YPIK PAM JAYA | E48: Pembelian Lampu Panasonic Podcast | F48: Pembelian Lampu Panasonic Podcast | L48: 2024 | M48: 1060000 | O48: 4 | P48: 388667 | Q48: 671333 | S48: Aktif | V48: LIST ASSET YPIK 2025(1).xlsx | Inv. YPIK
A49: 46 | C49: YPIK PAM JAYA | E49: Pembelian Asset TV untuk Podcast | F49: Pembelian Asset TV untuk Podcast | L49: 2024 | M49: 3650000 | O49: 4 | P49: 1338333 | Q49: 2311667 | S49: Aktif | V49: LIST ASSET YPIK 2025(1).xlsx | Inv. YPIK
A50: 47 | C50: YPIK PAM JAYA | E50: Pembelian 1 Unit TV dan Breket Dis CCTV | F50: Pembelian 1 Unit TV dan Breket Dis CCTV | I50: Jumlah: I Unit | L50: 2024 | M50: 2665000 | O50: 4 | P50: 977167 | Q50: 1687833 | S50: Aktif | V50: LIST ASSET YPIK 2025(1).xlsx | Inv. YPIK
A51: 48 | C51: YPIK PAM JAYA | E51: Beban Pasang TV, Kabel CCTV Lt 2 YPIK | F51: Beban Pasang TV, Kabel CCTV Lt 2 YPIK | L51: 2024 | M51: 1850000 | O51: 4 | P51: 678333 | Q51: 1171667 | S51: Aktif | V51: LIST ASSET YPIK 2025(1).xlsx | Inv. YPIK
A52: 49 | C52: YPIK PAM JAYA | E52: Pembelian Assecories Kamera Podcast | F52: Pembelian Assecories Kamera Podcast | L52: 2024 | M52: 1183500 | O52: 4 | P52: 414225 | Q52: 769275 | S52: Aktif | V52: LIST ASSET YPIK 2025(1).xlsx | Inv. YPIK
A53: 50 | C53: YPIK PAM JAYA | E53: Pembelian Kamera Podcast | F53: Pembelian Kamera Podcast | L53: 2024 | M53: 27740000 | O53: 4 | P53: 9246667 | Q53: 18493333 | S53: Aktif | V53: LIST ASSET YPIK 2025(1).xlsx | Inv. YPIK
A54: 51 | C54: YPIK PAM JAYA | E54: Pasang 2 Unit CCTV Sekretariat | F54: Pasang 2 Unit CCTV Sekretariat | L54: 2024 | M54: 2690000 | O54: 4 | P54: 807000 | Q54: 1883000 | S54: Aktif | V54: LIST ASSET YPIK 2025(1).xlsx | Inv. YPIK
A55: 52 | C55: YPIK PAM JAYA | E55: Pembelian Lampu Panasonic Kelas Lt 3 | F55: Pembelian Lampu Panasonic Kelas Lt 3 | I55: Jumlah: 12 Unit | L55: 2024 | M55: 1607400 | O55: 4 | P55: 482220 | Q55: 1125180 | S55: Aktif | V55: LIST ASSET YPIK 2025(1).xlsx | Inv. YPIK
A56: 53 | C56: YPIK PAM JAYA | E56: Pembelian Proyektor Portabel dan Speaker | F56: Pembelian Proyektor Portabel dan Speaker | L56: 2024 | M56: 6002500 | O56: 4 | P56: 1800750 | Q56: 4201750 | S56: Aktif | V56: LIST ASSET YPIK 2025(1).xlsx | Inv. YPIK
A57: 54 | C57: YPIK PAM JAYA | E57: Pembelian Bracket TV YPIK | F57: Pembelian Bracket TV YPIK | L57: 2024 | M57: 1230000 | O57: 4 | P57: 287000 | Q57: 943000 | S57: Aktif | V57: LIST ASSET YPIK 2025(1).xlsx | Inv. YPIK
A58: 55 | C58: YPIK PAM JAYA | E58: Pembelian 1 Unit TV LED Aqua YPIK | F58: Pembelian 1 Unit TV LED Aqua YPIK | I58: Jumlah: 1 Unit | L58: 2024 | M58: 7450000 | O58: 4 | P58: 1738333 | Q58: 5711667 | S58: Aktif | V58: LIST ASSET YPIK 2025(1).xlsx | Inv. YPIK
A59: 56 | C59: YPIK PAM JAYA | E59: Pembelian TV 58 Inch Untuk Lt 3 YPIK | F59: Pembelian TV 58 Inch Untuk Lt 3 YPIK | L59: 2024 | M59: 7450000 | O59: 4 | P59: 1614167 | Q59: 5835833 | S59: Aktif | V59: LIST ASSET YPIK 2025(1).xlsx | Inv. YPIK
A60: 57 | C60: YPIK PAM JAYA | E60: Pembelian Bracket Stand TV | F60: Pembelian Bracket Stand TV | L60: 2024 | M60: 1230000 | O60: 4 | P60: 266500 | Q60: 963500 | S60: Aktif | V60: LIST ASSET YPIK 2025(1).xlsx | Inv. YPIK
A61: 58 | C61: YPIK PAM JAYA | E61: Pembelian Lampu Panasonic | F61: Pembelian Lampu Panasonic | L61: 2025 | M61: 1527975 | O61: 4 | P61: 305595 | Q61: 1222380 | S61: Aktif | V61: LIST ASSET YPIK 2025(1).xlsx | Inv. YPIK
A62: 59 | C62: YPIK PAM JAYA | E62: Pembelian Speaker Set YPIK Lt 3 | F62: Pembelian Speaker Set YPIK Lt 3 | L62: 2025 | M62: 13825000 | O62: 4 | P62: 2765000 | Q62: 11060000 | S62: Aktif | V62: LIST ASSET YPIK 2025(1).xlsx | Inv. YPIK
A63: 60 | C63: YPIK PAM JAYA | E63: Bracket Stand TV 2 Unit | F63: Bracket Stand TV 2 Unit | L63: 2025 | M63: 2479900 | O63: 4 | P63: 289321.67 | Q63: 2190578.3 | S63: Aktif | V63: LIST ASSET YPIK 2025(1).xlsx | Inv. YPIK
A64: 61 | C64: YPIK PAM JAYA | E64: Pembelian Dispenser untuk YPIK Lt 2 | F64: Pembelian Dispenser untuk YPIK Lt 2 | L64: 2025 | M64: 2300000 | O64: 4 | P64: 191666.67 | Q64: 2108333.3 | S64: Aktif | V64: LIST ASSET YPIK 2025(1).xlsx | Inv. YPIK
A65: 62 | B65: 171-03-03-24 | C65: TKIA 24 JATIKRAMAT | D65: I / 1 / RUANG TUNGGU | E65: Kipas Angin | F65: Kipas Angin | G65: Maspion | I65: Ukuran: 14" inchi; Bahan: Plastik; Jumlah: None | N65: 171-03-03-24 | O65: 4 | R65: Baik | S65: Aktif | V65: ASSET TKIA-24 2025(1).xlsx | ASET TKIA 24
A66: 63 | B66: 171-03-03-24 | C66: TKIA 24 JATIKRAMAT | D66: I / 4 / DAPUR | E66: Dispenser | F66: Dispenser | G66: Cosmos | I66: Ukuran: 40 x 110 cm; Bahan: Plastik; Jumlah: None | N66: 171-03-03-24 | O66: 4 | R66: Baik | S66: Aktif | V66: ASSET TKIA-24 2025(1).xlsx | ASET TKIA 24
A67: 64 | B67: 171-03-03-24 | C67: TKIA 24 JATIKRAMAT | D67: I / 5 / PSB | E67: SoundSistem | F67: SoundSistem | G67: LG | I67: Ukuran: None; Bahan: Besi; Jumlah: None | J67: Hanrul | N67: 171-03-03-24 | O67: 4 | R67: Baik | S67: Aktif | V67: ASSET TKIA-24 2025(1).xlsx | ASET TKIA 24
A68: 65 | B68: 171-03-03-24 | C68: TKIA 24 JATIKRAMAT | D68: I / 6 / KB | E68: Dispenser | F68: Dispenser | G68: Miyaku | I68: Ukuran: 30 x 125 cm; Bahan: None; Jumlah: None | N68: 171-03-03-24 | O68: 4 | R68: Baik | S68: Aktif | V68: ASSET TKIA-24 2025(1).xlsx | ASET TKIA 24
A69: 66 | B69: 171-03-03-24 | C69: TKIA 24 JATIKRAMAT | D69: I / 6 / KB | E69: Kipas Angin | F69: Kipas Angin | G69: Nasional | I69: Ukuran: 50 cm; Bahan: Besi; Jumlah: None | N69: 171-03-03-24 | O69: 4 | R69: Baik | S69: Aktif | V69: ASSET TKIA-24 2025(1).xlsx | ASET TKIA 24
A70: 67 | B70: 171 - 03 - 03 - 24 | C70: TKIA 24 JATIKRAMAT | D70: I / 10/ UKS | E70: Kipas Angin | F70: Kipas Angin | G70: Bulet | I70: Ukuran: 16 "; Bahan: Plastik; Jumlah: 1 Unit | L70: 2018 | N70: 171 - 03 - 03 - 24 | O70: 4 | R70: Baik | S70: Aktif | V70: ASSET TKIA-24 2025(1).xlsx | ASET TKIA 24
A71: 68 | B71: 171 - 03 - 01 - 24 | C71: TKIA 24 JATIKRAMAT | D71: II / 13/ SULAIMAN / B | E71: Dispenser | F71: Dispenser | G71: Miyako | I71: Ukuran: None; Bahan: Plastik; Jumlah: None | N71: 171 - 03 - 01 - 24 | O71: 4 | R71: Baik | S71: Aktif | V71: ASSET TKIA-24 2025(1).xlsx | ASET TKIA 24
A72: 69 | B72: 171 - 03 - 03 - 24 | C72: TKIA 24 JATIKRAMAT | D72: II / 15/ IBRAHIM / A | E72: Dispenser | F72: Dispenser | G72: Miyako | I72: Ukuran: 35x 120 x 40 cm; Bahan: Campur; Jumlah: None | N72: 171 - 03 - 03 - 24 | O72: 4 | S72: Aktif | V72: ASSET TKIA-24 2025(1).xlsx | ASET TKIA 24
A73: 70 | B73: 171 - 03 - 03 - 24 | C73: TKIA 24 JATIKRAMAT | D73: II / 15/ IBRAHIM / A | E73: Screen Projector | F73: Screen Projector | I73: Ukuran: None; Bahan: Mika; Jumlah: None | N73: 171 - 03 - 03 - 24 | O73: 4 | R73: Baik | S73: Aktif | V73: ASSET TKIA-24 2025(1).xlsx | ASET TKIA 24
A74: 71 | B74: 171 - 03 - 03 - 24 | C74: TKIA 24 JATIKRAMAT | D74: II / 18/ AULA SERBAGUNA | E74: Kipas Angin | F74: Kipas Angin | G74: Sekai | I74: Ukuran: None; Bahan: Besi; Jumlah: 1 Unit | J74: STN1808 | L74: 2018 | N74: 171 - 03 - 03 - 24 | O74: 4 | R74: Baik | S74: Aktif | V74: ASSET TKIA-24 2025(1).xlsx | ASET TKIA 24
A75: 72 | B75: 171 - 03 - 03 - 24 | C75: TKIA 24 JATIKRAMAT | D75: II / 18/ AULA SERBAGUNA | E75: Kipas Angin | F75: Kipas Angin | G75: Cosmos | I75: Ukuran: None; Bahan: Besi; Jumlah: 1 Unit | J75: YLSN | L75: 2018 | N75: 171 - 03 - 03 - 24 | O75: 4 | R75: Baik | S75: Aktif | V75: ASSET TKIA-24 2025(1).xlsx | ASET TKIA 24
A76: 73 | B76: 171 - 03 - 03 - 24 | C76: TKIA 24 JATIKRAMAT | D76: II / 18/ AULA SERBAGUNA | E76: Kipas Angin | F76: Kipas Angin | G76: Kris | I76: Ukuran: None; Bahan: Besi; Jumlah: 1 Unit | J76: 15635 | L76: 2018 | N76: 171 - 03 - 03 - 24 | O76: 4 | R76: Baik | S76: Aktif | V76: ASSET TKIA-24 2025(1).xlsx | ASET TKIA 24
A77: 74 | C77: TKIA 24 JATIKRAMAT | D77: I / 22/ RUANG GURU | E77: Kulkas | F77: Kulkas | G77: Polytron | I77: Ukuran: 2 Pintu; Bahan: Besi; Jumlah: None | O77: 4 | R77: Baik | S77: Aktif | V77: ASSET TKIA-24 2025(1).xlsx | ASET TKIA 24
A78: 75 | C78: TKIA 24 JATIKRAMAT | D78: I / 22/ RUANG GURU | E78: Mic Wirelles shurle | F78: Mic Wirelles shurle | I78: Ukuran: None; Bahan: Besi; Jumlah: None | O78: 4 | R78: Baik | S78: Aktif | V78: ASSET TKIA-24 2025(1).xlsx | ASET TKIA 24
A79: 76 | B79: 171 - 03 - 01 - 24 | C79: TKIA 24 JATIKRAMAT | D79: I / 1 / RUANG TUNGGU | E79: Kipas Angin | F79: Kipas Angin | I79: Ukuran: 16 "; Bahan: Campur; Jumlah: 5 Unit | N79: 171 - 03 - 01 - 24 | O79: 4 | S79: Aktif | V79: ASSET TKIA-24 2025(1).xlsx | ASET TKIA (3)
A80: 77 | B80: 171 - 03 - 01 - 24 | C80: TKIA 24 JATIKRAMAT | D80: I / 3 / TATA USAHA (TU) | E80: Kipas Angin | F80: Kipas Angin | G80: Sekai | I80: Ukuran: None; Bahan: Besi; Jumlah: 1 Unit | N80: 171 - 03 - 01 - 24 | O80: 4 | S80: Aktif | V80: ASSET TKIA-24 2025(1).xlsx | ASET TKIA (3)
A81: 78 | B81: 171 - 03 - 01 - 24 | C81: TKIA 24 JATIKRAMAT | D81: I / 3 / TATA USAHA (TU) | E81: Sentral CCTV | F81: Sentral CCTV | I81: Ukuran: None; Bahan: Besi; Jumlah: 1 Unit | N81: 171 - 03 - 01 - 24 | O81: 4 | R81: Baik | S81: Aktif | V81: ASSET TKIA-24 2025(1).xlsx | ASET TKIA (3)
A82: 79 | B82: 171 - 03 - 01 - 24 | C82: TKIA 24 JATIKRAMAT | D82: I / 4 / DAPUR | E82: Dispenser | F82: Dispenser | G82: Cosmos | I82: Ukuran: None; Bahan: Plastik; Jumlah: 1 Unit | N82: 171 - 03 - 01 - 24 | O82: 4 | R82: Baik | S82: Aktif | V82: ASSET TKIA-24 2025(1).xlsx | ASET TKIA (3)
A83: 80 | B83: 171 - 03 - 01 - 24 | C83: TKIA 24 JATIKRAMAT | D83: I / 5 / PSB | E83: SoundSistem | F83: SoundSistem | G83: LG | I83: Ukuran: None; Bahan: Campur; Jumlah: 1 Unit | J83: MDD72 Mini home | N83: 171 - 03 - 01 - 24 | O83: 4 | R83: Baik | S83: Aktif | V83: ASSET TKIA-24 2025(1).xlsx | ASET TKIA (3)
A84: 81 | B84: 171 - 03 - 01 - 24 | C84: TKIA 24 JATIKRAMAT | D84: I / 5 / PSB | E84: CCTV - Camera | F84: CCTV - Camera | I84: Ukuran: None; Bahan: Besi; Jumlah: 1 Unit | N84: 171 - 03 - 01 - 24 | O84: 4 | R84: Baik | S84: Aktif | V84: ASSET TKIA-24 2025(1).xlsx | ASET TKIA (3)
A85: 82 | B85: 171 - 03 - 01 - 24 | C85: TKIA 24 JATIKRAMAT | D85: I / 6 / MEKAH/ MADINAH/ KB | E85: Kipas Gantung | F85: Kipas Gantung | G85: Nasional | I85: Ukuran: None; Bahan: Besi; Jumlah: 1 Unit | N85: 171 - 03 - 01 - 24 | O85: 4 | R85: Baik | S85: Aktif | V85: ASSET TKIA-24 2025(1).xlsx | ASET TKIA (3)
A86: 83 | B86: 171 - 03 - 01 - 24 | C86: TKIA 24 JATIKRAMAT | D86: I / 6 / MEKAH/ MADINAH/ KB | E86: Dispenser | F86: Dispenser | G86: Miyako | I86: Ukuran: None; Bahan: Plastik; Jumlah: 1 Unit | N86: 171 - 03 - 01 - 24 | O86: 4 | R86: Baik | S86: Aktif | V86: ASSET TKIA-24 2025(1).xlsx | ASET TKIA (3)
A87: 84 | B87: 171 - 03 - 01 - 24 | C87: TKIA 24 JATIKRAMAT | D87: I / 10/ GEDUNG EKSKUL - BELAKANG | E87: Kipas Angin | F87: Kipas Angin | I87: Ukuran: 16 "; Bahan: Plastik; Jumlah: 1 Unit | N87: 171 - 03 - 01 - 24 | O87: 4 | R87: Baik | S87: Aktif | V87: ASSET TKIA-24 2025(1).xlsx | ASET TKIA (3)
A88: 85 | B88: 171 - 02 - 02 | C88: TKIA 24 JATIKRAMAT | D88: II / SULAIMAN / B | E88: Dispenser | F88: Dispenser | G88: Miyako | I88: Ukuran: None; Bahan: Plastik; Jumlah: 1 Unit | N88: 171 - 02 - 02 | O88: 4 | R88: Baik | S88: Aktif | V88: ASSET TKIA-24 2025(1).xlsx | ASET TKIA
A89: 86 | B89: 171 - 02 - 02 | C89: TKIA 24 JATIKRAMAT | D89: II / IBRAHIM / A | E89: Dispenser | F89: Dispenser | G89: Miyako | I89: Ukuran: None; Bahan: Campur; Jumlah: 1 Unit | N89: 171 - 02 - 02 | O89: 4 | R89: Baik | S89: Aktif | V89: ASSET TKIA-24 2025(1).xlsx | ASET TKIA
A90: 87 | B90: 171 - 02 - 02 | C90: TKIA 24 JATIKRAMAT | D90: II / IBRAHIM / A | E90: CCTV - Camera | F90: CCTV - Camera | I90: Ukuran: None; Bahan: Elektronik; Jumlah: 1 Unit | N90: 171 - 02 - 02 | O90: 4 | R90: Baik | S90: Aktif | V90: ASSET TKIA-24 2025(1).xlsx | ASET TKIA
A91: 88 | B91: 171 - 02 - 02 | C91: TKIA 24 JATIKRAMAT | D91: I / PSB | E91: SoundSistem | F91: SoundSistem | G91: LG | I91: Ukuran: None; Bahan: Campur; Jumlah: 1 Unit | J91: MDD72 Mini home | N91: 171 - 02 - 02 | O91: 4 | R91: Baik | S91: Aktif | V91: ASSET TKIA-24 2025(1).xlsx | ASET TKIA
A92: 89 | B92: 171 - 02 - 02 | C92: TKIA 24 JATIKRAMAT | D92: I / PSB | E92: CCTV - Camera | F92: CCTV - Camera | I92: Ukuran: None; Bahan: Besi; Jumlah: 1 Unit | N92: 171 - 02 - 02 | O92: 4 | R92: Baik | S92: Aktif | V92: ASSET TKIA-24 2025(1).xlsx | ASET TKIA
A93: 90 | B93: 171 - 02 - 02 | C93: TKIA 24 JATIKRAMAT | D93: I / MEKAH/ MADINAH / KB | E93: Kipas Gantung | F93: Kipas Gantung | G93: Nasional | I93: Ukuran: None; Bahan: Besi; Jumlah: 1 Unit | N93: 171 - 02 - 02 | O93: 4 | R93: Baik | S93: Aktif | V93: ASSET TKIA-24 2025(1).xlsx | ASET TKIA
A94: 91 | B94: 171 - 02 - 02 | C94: TKIA 24 JATIKRAMAT | D94: I / MEKAH/ MADINAH / KB | E94: Dispenser | F94: Dispenser | G94: Miyako | I94: Ukuran: None; Bahan: Plastik; Jumlah: 1 Unit | N94: 171 - 02 - 02 | O94: 4 | R94: Baik | S94: Aktif | V94: ASSET TKIA-24 2025(1).xlsx | ASET TKIA
A95: 92 | B95: 171 - 02 - 02 | C95: TKIA 24 JATIKRAMAT | D95: I / TATA USAHA (TU) | E95: Kipas Angin | F95: Kipas Angin | G95: Sekai | I95: Ukuran: None; Bahan: Besi; Jumlah: 1 Unit | N95: 171 - 02 - 02 | O95: 4 | R95: Baik | S95: Aktif | V95: ASSET TKIA-24 2025(1).xlsx | ASET TKIA
A96: 93 | B96: 171 - 02 - 02 | C96: TKIA 24 JATIKRAMAT | D96: I / TATA USAHA (TU) | E96: Sentral CCTV | F96: Sentral CCTV | I96: Ukuran: None; Bahan: Besi; Jumlah: 1 Unit | N96: 171 - 02 - 02 | O96: 4 | R96: Baik | S96: Aktif | V96: ASSET TKIA-24 2025(1).xlsx | ASET TKIA
A97: 94 | B97: 171 - 03 - 01 - 24 | C97: TKIA 24 JATIKRAMAT | D97: I / 2 / KEP.SEKOLAH | E97: Kulkas 2 Pintu | F97: Kulkas 2 Pintu | G97: Politron | I97: Ukuran: None; Bahan: Besi; Jumlah: 1 Unit | J97: NRM21BNR | N97: 171 - 03 - 01 - 24 | O97: 4 | R97: Baik | S97: Aktif | V97: ASSET TKIA-24 2025(1).xlsx | ASET TKIA
A98: 95 | B98: 171 - 03 - 01 - 24 | C98: TKIA 24 JATIKRAMAT | D98: I / 2 / KEP.SEKOLAH | E98: Main Control CCTV | F98: Main Control CCTV | G98: Inside | I98: Ukuran: None; Bahan: Alumunium; Jumlah: 1 Unit | N98: 171 - 03 - 01 - 24 | O98: 4 | R98: Baik | S98: Aktif | V98: ASSET TKIA-24 2025(1).xlsx | ASET TKIA
A99: 96 | B99: 171 - 02 - 02 | C99: TKIA 24 JATIKRAMAT | D99: II / AULA SERBAGUNA | E99: Kipas Angin | F99: Kipas Angin | G99: Sekai | I99: Ukuran: None; Bahan: Besi; Jumlah: 1 Unit | J99: STN1808 | N99: 171 - 02 - 02 | O99: 4 | R99: Baik | S99: Aktif | V99: ASSET TKIA-24 2025(1).xlsx | ASET TKIA
A100: 97 | B100: 171 - 02 - 02 | C100: TKIA 24 JATIKRAMAT | D100: II / AULA SERBAGUNA | E100: Kipas Angin | F100: Kipas Angin | G100: Cosmos | I100: Ukuran: None; Bahan: Besi; Jumlah: 1 Unit | J100: YLSN | N100: 171 - 02 - 02 | O100: 4 | R100: Baik | S100: Aktif | V100: ASSET TKIA-24 2025(1).xlsx | ASET TKIA
A101: 98 | B101: 171 - 02 - 02 | C101: TKIA 24 JATIKRAMAT | D101: II / AULA SERBAGUNA | E101: Kipas Angin | F101: Kipas Angin | G101: Kris | I101: Ukuran: None; Bahan: Besi; Jumlah: 1 Unit | J101: 15635 | N101: 171 - 02 - 02 | O101: 4 | R101: Baik | S101: Aktif | V101: ASSET TKIA-24 2025(1).xlsx | ASET TKIA
A102: 99 | B102: 171 - 02 - 02 | C102: TKIA 24 JATIKRAMAT | D102: I / KOMPUTER | E102: Kipas | F102: Kipas | G102: CMC | I102: Ukuran: None; Bahan: Besi; Jumlah: 1 Unit | N102: 171 - 02 - 02 | O102: 4 | R102: Baik | S102: Aktif | V102: ASSET TKIA-24 2025(1).xlsx | ASET TKIA
A103: 100 | B103: 171 - 02 - 02 | C103: TKIA 24 JATIKRAMAT | D103: I / KOMPUTER | E103: MIC WAIRLES | F103: MIC WAIRLES | G103: SHR | I103: Ukuran: None; Bahan: Campur; Jumlah: 1 Unit | J103: SXL4 | N103: 171 - 02 - 02 | O103: 4 | R103: Baik | S103: Aktif | V103: ASSET TKIA-24 2025(1).xlsx | ASET TKIA
A104: 101 | B104: 171 - 02 - 02 | C104: TKIA 24 JATIKRAMAT | D104: I / KOMPUTER | E104: Sensor CCTV | F104: Sensor CCTV | I104: Ukuran: None; Bahan: Plastik; Jumlah: 1 Unit | N104: 171 - 02 - 02 | O104: 4 | R104: Baik | S104: Aktif | V104: ASSET TKIA-24 2025(1).xlsx | ASET TKIA
A105: 102 | B105: 171 - 02 - 02 | C105: TKIA 24 JATIKRAMAT | D105: II / UKS ( UNIT KESEHATAN SEKOLAH ) Belakang | E105: Kipas Angin | F105: Kipas Angin | I105: Ukuran: 16 "; Bahan: Plastik; Jumlah: 1 Unit | N105: 171 - 02 - 02 | O105: 4 | R105: Baik | S105: Aktif | V105: ASSET TKIA-24 2025(1).xlsx | ASET TKIA
A106: 103 | B106: 171 - 03 - 01 - 24 | C106: TKIA 24 JATIKRAMAT | D106: I / 1 / RUANG TUNGGU | E106: Kipas Angin | F106: Kipas Angin | I106: Ukuran: 16 "; Bahan: Campur; Jumlah: 5 Unit | N106: 171 - 03 - 01 - 24 | O106: 4 | S106: Aktif | V106: ASSET TKIA-24 2025(1).xlsx | ASET TKIA

Sheet Dashboard
A1: Dashboard Elektronik
A3: Total Baris Data | B3: 103
A4: Total Harga Perolehan | B4: =SUM('Data Aset'!M4:M106)
A6: Kategori | B6: Jumlah
A7: Elektronik | B7: 103

Sheet Penyusutan
A1: No | B1: Periode Penyusutan | C1: Kode Aset | D1: Nama Aset | E1: Kategori Aset | F1: Unit | G1: Tanggal/Tahun Perolehan | H1: Harga Perolehan | I1: Umur Manfaat | J1: Nilai Residu | K1: Metode Penyusutan | L1: Beban Penyusutan Bulanan | M1: Beban Penyusutan Tahunan | N1: Akumulasi Penyusutan | O1: Nilai Buku | P1: Status Penyusutan | Q1: Keterangan
A2: 1 | B2: Desember 2025 | C2: ='Data Aset'!B4 | D2: ='Data Aset'!F4 | E2: Elektronik | F2: ='Data Aset'!C4 | G2: ='Data Aset'!K4 | H2: ='Data Aset'!M4 | I2: ='Data Aset'!O4 | J2: 0 | K2: Garis Lurus | L2: =IFERROR(M2/12,"") | M2: =IFERROR((H2-J2)/I2,"") | N2: =IFERROR(M2,"") | O2: =IFERROR(H2-N2,"") | P2: Belum dihitung
A3: 2 | B3: Desember 2025 | C3: ='Data Aset'!B5 | D3: ='Data Aset'!F5 | E3: Elektronik | F3: ='Data Aset'!C5 | G3: ='Data Aset'!K5 | H3: ='Data Aset'!M5 | I3: ='Data Aset'!O5 | J3: 0 | K3: Garis Lurus | L3: =IFERROR(M3/12,"") | M3: =IFERROR((H3-J3)/I3,"") | N3: =IFERROR(M3,"") | O3: =IFERROR(H3-N3,"") | P3: Belum dihitung
A4: 3 | B4: Desember 2025 | C4: ='Data Aset'!B6 | D4: ='Data Aset'!F6 | E4: Elektronik | F4: ='Data Aset'!C6 | G4: ='Data Aset'!K6 | H4: ='Data Aset'!M6 | I4: ='Data Aset'!O6 | J4: 0 | K4: Garis Lurus | L4: =IFERROR(M4/12,"") | M4: =IFERROR((H4-J4)/I4,"") | N4: =IFERROR(M4,"") | O4: =IFERROR(H4-N4,"") | P4: Belum dihitung
A5: 4 | B5: Desember 2025 | C5: ='Data Aset'!B7 | D5: ='Data Aset'!F7 | E5: Elektronik | F5: ='Data Aset'!C7 | G5: ='Data Aset'!K7 | H5: ='Data Aset'!M7 | I5: ='Data Aset'!O7 | J5: 0 | K5: Garis Lurus | L5: =IFERROR(M5/12,"") | M5: =IFERROR((H5-J5)/I5,"") | N5: =IFERROR(M5,"") | O5: =IFERROR(H5-N5,"") | P5: Belum dihitung
A6: 5 | B6: Desember 2025 | C6: ='Data Aset'!B8 | D6: ='Data Aset'!F8 | E6: Elektronik | F6: ='Data Aset'!C8 | G6: ='Data Aset'!K8 | H6: ='Data Aset'!M8 | I6: ='Data Aset'!O8 | J6: 0 | K6: Garis Lurus | L6: =IFERROR(M6/12,"") | M6: =IFERROR((H6-J6)/I6,"") | N6: =IFERROR(M6,"") | O6: =IFERROR(H6-N6,"") | P6: Belum dihitung
A7: 6 | B7: Desember 2025 | C7: ='Data Aset'!B9 | D7: ='Data Aset'!F9 | E7: Elektronik | F7: ='Data Aset'!C9 | G7: ='Data Aset'!K9 | H7: ='Data Aset'!M9 | I7: ='Data Aset'!O9 | J7: 0 | K7: Garis Lurus | L7: =IFERROR(M7/12,"") | M7: =IFERROR((H7-J7)/I7,"") | N7: =IFERROR(M7,"") | O7: =IFERROR(H7-N7,"") | P7: Belum dihitung
A8: 7 | B8: Desember 2025 | C8: ='Data Aset'!B10 | D8: ='Data Aset'!F10 | E8: Elektronik | F8: ='Data Aset'!C10 | G8: ='Data Aset'!K10 | H8: ='Data Aset'!M10 | I8: ='Data Aset'!O10 | J8: 0 | K8: Garis Lurus | L8: =IFERROR(M8/12,"") | M8: =IFERROR((H8-J8)/I8,"") | N8: =IFERROR(M8,"") | O8: =IFERROR(H8-N8,"") | P8: Belum dihitung
A9: 8 | B9: Desember 2025 | C9: ='Data Aset'!B11 | D9: ='Data Aset'!F11 | E9: Elektronik | F9: ='Data Aset'!C11 | G9: ='Data Aset'!K11 | H9: ='Data Aset'!M11 | I9: ='Data Aset'!O11 | J9: 0 | K9: Garis Lurus | L9: =IFERROR(M9/12,"") | M9: =IFERROR((H9-J9)/I9,"") | N9: =IFERROR(M9,"") | O9: =IFERROR(H9-N9,"") | P9: Belum dihitung
A10: 9 | B10: Desember 2025 | C10: ='Data Aset'!B12 | D10: ='Data Aset'!F12 | E10: Elektronik | F10: ='Data Aset'!C12 | G10: ='Data Aset'!K12 | H10: ='Data Aset'!M12 | I10: ='Data Aset'!O12 | J10: 0 | K10: Garis Lurus | L10: =IFERROR(M10/12,"") | M10: =IFERROR((H10-J10)/I10,"") | N10: =IFERROR(M10,"") | O10: =IFERROR(H10-N10,"") | P10: Belum dihitung
A11: 10 | B11: Desember 2025 | C11: ='Data Aset'!B13 | D11: ='Data Aset'!F13 | E11: Elektronik | F11: ='Data Aset'!C13 | G11: ='Data Aset'!K13 | H11: ='Data Aset'!M13 | I11: ='Data Aset'!O13 | J11: 0 | K11: Garis Lurus | L11: =IFERROR(M11/12,"") | M11: =IFERROR((H11-J11)/I11,"") | N11: =IFERROR(M11,"") | O11: =IFERROR(H11-N11,"") | P11: Belum dihitung
A12: 11 | B12: Desember 2025 | C12: ='Data Aset'!B14 | D12: ='Data Aset'!F14 | E12: Elektronik | F12: ='Data Aset'!C14 | G12: ='Data Aset'!K14 | H12: ='Data Aset'!M14 | I12: ='Data Aset'!O14 | J12: 0 | K12: Garis Lurus | L12: =IFERROR(M12/12,"") | M12: =IFERROR((H12-J12)/I12,"") | N12: =IFERROR(M12,"") | O12: =IFERROR(H12-N12,"") | P12: Belum dihitung
A13: 12 | B13: Desember 2025 | C13: ='Data Aset'!B15 | D13: ='Data Aset'!F15 | E13: Elektronik | F13: ='Data Aset'!C15 | G13: ='Data Aset'!K15 | H13: ='Data Aset'!M15 | I13: ='Data Aset'!O15 | J13: 0 | K13: Garis Lurus | L13: =IFERROR(M13/12,"") | M13: =IFERROR((H13-J13)/I13,"") | N13: =IFERROR(M13,"") | O13: =IFERROR(H13-N13,"") | P13: Belum dihitung
... A104: 103 | B104: Desember 2025 | C104: ='Data Aset'!B106 | D104: ='Data Aset'!F106 | E104: Elektronik | F104: ='Data Aset'!C106 | G104: ='Data Aset'!K106 | H104: ='Data Aset'!M106 | I104: ='Data Aset'!O106 | J104: 0 | K104: Garis Lurus | L104: =IFERROR(M104/12,"") | M104: =IFERROR((H104-J104)/I104,"") | N104: =IFERROR(M104,"") | O104: =IFERROR(H104-N104,"") | P104: Belum dihitung

Sheet Jurnal Penyusutan
A1: No Jurnal | B1: Tanggal Jurnal | C1: Periode | D1: Kode Aset | E1: Nama Aset | F1: Kategori Aset | G1: Kode Akun Debit | H1: Nama Akun Debit | I1: Debit | J1: Kode Akun Kredit | K1: Nama Akun Kredit | L1: Kredit | M1: Keterangan
A2: =IF(Penyusutan!D2="","","JRN-"&TEXT(ROW()-1,"0000")) | B2: 46022 | C2: =Penyusutan!B2 | D2: =Penyusutan!C2 | E2: =Penyusutan!D2 | F2: Elektronik | H2: Beban Penyusutan Elektronik | I2: =Penyusutan!M2 | K2: Akumulasi Penyusutan Elektronik | L2: =Penyusutan!M2 | M2: =IF(E2="","","Penyusutan "&E2&" periode "&C2)
A3: =IF(Penyusutan!D3="","","JRN-"&TEXT(ROW()-1,"0000")) | B3: 46022 | C3: =Penyusutan!B3 | D3: =Penyusutan!C3 | E3: =Penyusutan!D3 | F3: Elektronik | H3: Beban Penyusutan Elektronik | I3: =Penyusutan!M3 | K3: Akumulasi Penyusutan Elektronik | L3: =Penyusutan!M3 | M3: =IF(E3="","","Penyusutan "&E3&" periode "&C3)
A4: =IF(Penyusutan!D4="","","JRN-"&TEXT(ROW()-1,"0000")) | B4: 46022 | C4: =Penyusutan!B4 | D4: =Penyusutan!C4 | E4: =Penyusutan!D4 | F4: Elektronik | H4: Beban Penyusutan Elektronik | I4: =Penyusutan!M4 | K4: Akumulasi Penyusutan Elektronik | L4: =Penyusutan!M4 | M4: =IF(E4="","","Penyusutan "&E4&" periode "&C4)
A5: =IF(Penyusutan!D5="","","JRN-"&TEXT(ROW()-1,"0000")) | B5: 46022 | C5: =Penyusutan!B5 | D5: =Penyusutan!C5 | E5: =Penyusutan!D5 | F5: Elektronik | H5: Beban Penyusutan Elektronik | I5: =Penyusutan!M5 | K5: Akumulasi Penyusutan Elektronik | L5: =Penyusutan!M5 | M5: =IF(E5="","","Penyusutan "&E5&" periode "&C5)
A6: =IF(Penyusutan!D6="","","JRN-"&TEXT(ROW()-1,"0000")) | B6: 46022 | C6: =Penyusutan!B6 | D6: =Penyusutan!C6 | E6: =Penyusutan!D6 | F6: Elektronik | H6: Beban Penyusutan Elektronik | I6: =Penyusutan!M6 | K6: Akumulasi Penyusutan Elektronik | L6: =Penyusutan!M6 | M6: =IF(E6="","","Penyusutan "&E6&" periode "&C6)
A7: =IF(Penyusutan!D7="","","JRN-"&TEXT(ROW()-1,"0000")) | B7: 46022 | C7: =Penyusutan!B7 | D7: =Penyusutan!C7 | E7: =Penyusutan!D7 | F7: Elektronik | H7: Beban Penyusutan Elektronik | I7: =Penyusutan!M7 | K7: Akumulasi Penyusutan Elektronik | L7: =Penyusutan!M7 | M7: =IF(E7="","","Penyusutan "&E7&" periode "&C7)
A8: =IF(Penyusutan!D8="","","JRN-"&TEXT(ROW()-1,"0000")) | B8: 46022 | C8: =Penyusutan!B8 | D8: =Penyusutan!C8 | E8: =Penyusutan!D8 | F8: Elektronik | H8: Beban Penyusutan Elektronik | I8: =Penyusutan!M8 | K8: Akumulasi Penyusutan Elektronik | L8: =Penyusutan!M8 | M8: =IF(E8="","","Penyusutan "&E8&" periode "&C8)
A9: =IF(Penyusutan!D9="","","JRN-"&TEXT(ROW()-1,"0000")) | B9: 46022 | C9: =Penyusutan!B9 | D9: =Penyusutan!C9 | E9: =Penyusutan!D9 | F9: Elektronik | H9: Beban Penyusutan Elektronik | I9: =Penyusutan!M9 | K9: Akumulasi Penyusutan Elektronik | L9: =Penyusutan!M9 | M9: =IF(E9="","","Penyusutan "&E9&" periode "&C9)
A10: =IF(Penyusutan!D10="","","JRN-"&TEXT(ROW()-1,"0000")) | B10: 46022 | C10: =Penyusutan!B10 | D10: =Penyusutan!C10 | E10: =Penyusutan!D10 | F10: Elektronik | H10: Beban Penyusutan Elektronik | I10: =Penyusutan!M10 | K10: Akumulasi Penyusutan Elektronik | L10: =Penyusutan!M10 | M10: =IF(E10="","","Penyusutan "&E10&" periode "&C10)
A11: =IF(Penyusutan!D11="","","JRN-"&TEXT(ROW()-1,"0000")) | B11: 46022 | C11: =Penyusutan!B11 | D11: =Penyusutan!C11 | E11: =Penyusutan!D11 | F11: Elektronik | H11: Beban Penyusutan Elektronik | I11: =Penyusutan!M11 | K11: Akumulasi Penyusutan Elektronik | L11: =Penyusutan!M11 | M11: =IF(E11="","","Penyusutan "&E11&" periode "&C11)
A12: =IF(Penyusutan!D12="","","JRN-"&TEXT(ROW()-1,"0000")) | B12: 46022 | C12: =Penyusutan!B12 | D12: =Penyusutan!C12 | E12: =Penyusutan!D12 | F12: Elektronik | H12: Beban Penyusutan Elektronik | I12: =Penyusutan!M12 | K12: Akumulasi Penyusutan Elektronik | L12: =Penyusutan!M12 | M12: =IF(E12="","","Penyusutan "&E12&" periode "&C12)
A13: =IF(Penyusutan!D13="","","JRN-"&TEXT(ROW()-1,"0000")) | B13: 46022 | C13: =Penyusutan!B13 | D13: =Penyusutan!C13 | E13: =Penyusutan!D13 | F13: Elektronik | H13: Beban Penyusutan Elektronik | I13: =Penyusutan!M13 | K13: Akumulasi Penyusutan Elektronik | L13: =Penyusutan!M13 | M13: =IF(E13="","","Penyusutan "&E13&" periode "&C13)
... A104: =IF(Penyusutan!D104="","","JRN-"&TEXT(ROW()-1,"0000")) | B104: 46022 | C104: =Penyusutan!B104 | D104: =Penyusutan!C104 | E104: =Penyusutan!D104 | F104: Elektronik | H104: Beban Penyusutan Elektronik | I104: =Penyusutan!M104 | K104: Akumulasi Penyusutan Elektronik | L104: =Penyusutan!M104 | M104: =IF(E104="","","Penyusutan "&E104&" periode "&C104)

Sheet Referensi
A1: Jenis Referensi | B1: Nilai
A2: Kondisi | B2: Baik
A3: Kondisi | B3: Kurang Baik
A4: Kondisi | B4: Rusak Ringan
A5: Kondisi | B5: Rusak Berat
A6: Kondisi | B6: Dalam Perbaikan
A7: Kondisi | B7: Hilang
A8: Status | B8: Aktif
A9: Status | B9: Tidak Aktif
A10: Status | B10: Dipindahkan
A11: Status | B11: Dihapuskan
A12: Status | B12: Dijual
... A14: Metode Penyusutan | B14: Saldo Menurun
