Workbook

Sheet Data Aset
A1: TEMPLATE DATA ASET - KENDARAAN
A3: No | B3: Kode Aset | C3: Unit | D3: Jenis Kendaraan | E3: Nama Kendaraan | F3: Merk | G3: Tipe/Model | H3: Tahun Kendaraan | I3: Warna | J3: Nomor Polisi | K3: Nomor Rangka | L3: Nomor Mesin | M3: BPKB Atas Nama | N3: STNK Berlaku Sampai | O3: Pajak Berlaku Sampai | P3: Kilometer | Q3: Tanggal Perolehan | R3: Tahun Perolehan | S3: Harga Perolehan | T3: Kode Akun Aset | U3: Umur Manfaat | V3: Akum. Penyusutan | W3: Nilai Buku | X3: Pengguna/PIC | Y3: Kondisi | Z3: Status | AA3: Keterangan | AB3: Sumber Data
A4: 1 | C4: YPIK PAM JAYA | D4: Mobil | E4: GRAN MAX I | G4: GRAN MAX I | H4: 2014 | I4: SILVER | J4: B 1190 KZH | K4: MHKV3CA3JEKO1225 | L4: DEE 7769 | R4: 2014 | S4: 127325000 | U4: 8 | V4: 127324999 | W4: 1 | Z4: Aktif | AB4: LIST ASSET YPIK 2025(1).xlsx | Kendaraan Bermotor
A5: 2 | C5: YPIK PAM JAYA | D5: Mobil | E5: GRAN MAX II | G5: GRAN MAX II | H5: 2017 | I5: SILVER | J5: B 2414 KFO | K5: S401RV-ZMDEJJ HJ | L5: K3MG98445 | R5: 2017 | S5: 145925000 | U5: 8 | V5: 145924999 | W5: 1 | Z5: Aktif | AB5: LIST ASSET YPIK 2025(1).xlsx | Kendaraan Bermotor

Sheet Dashboard
A1: Dashboard Kendaraan
A3: Total Baris Data | B3: 2
A4: Total Harga Perolehan | B4: =SUM('Data Aset'!S4:S5)
A6: Kategori | B6: Jumlah
A7: Kendaraan | B7: 2

Sheet Penyusutan
A1: No | B1: Periode Penyusutan | C1: Kode Aset | D1: Nama Aset | E1: Kategori Aset | F1: Unit | G1: Tanggal/Tahun Perolehan | H1: Harga Perolehan | I1: Umur Manfaat | J1: Nilai Residu | K1: Metode Penyusutan | L1: Beban Penyusutan Bulanan | M1: Beban Penyusutan Tahunan | N1: Akumulasi Penyusutan | O1: Nilai Buku | P1: Status Penyusutan | Q1: Keterangan
A2: 1 | B2: Desember 2025 | C2: ='Data Aset'!B4 | E2: Kendaraan | F2: ='Data Aset'!C4 | G2: ='Data Aset'!Q4 | H2: ='Data Aset'!S4 | I2: ='Data Aset'!U4 | J2: 0 | K2: Garis Lurus | L2: =IFERROR(M2/12,"") | M2: =IFERROR((H2-J2)/I2,"") | N2: =IFERROR(M2,"") | O2: =IFERROR(H2-N2,"") | P2: Belum dihitung
A3: 2 | B3: Desember 2025 | C3: ='Data Aset'!B5 | E3: Kendaraan | F3: ='Data Aset'!C5 | G3: ='Data Aset'!Q5 | H3: ='Data Aset'!S5 | I3: ='Data Aset'!U5 | J3: 0 | K3: Garis Lurus | L3: =IFERROR(M3/12,"") | M3: =IFERROR((H3-J3)/I3,"") | N3: =IFERROR(M3,"") | O3: =IFERROR(H3-N3,"") | P3: Belum dihitung

Sheet Jurnal Penyusutan
A1: No Jurnal | B1: Tanggal Jurnal | C1: Periode | D1: Kode Aset | E1: Nama Aset | F1: Kategori Aset | G1: Kode Akun Debit | H1: Nama Akun Debit | I1: Debit | J1: Kode Akun Kredit | K1: Nama Akun Kredit | L1: Kredit | M1: Keterangan
A2: =IF(Penyusutan!D2="","","JRN-"&TEXT(ROW()-1,"0000")) | B2: 46022 | C2: =Penyusutan!B2 | D2: =Penyusutan!C2 | E2: =Penyusutan!D2 | F2: Kendaraan | H2: Beban Penyusutan Kendaraan | I2: =Penyusutan!M2 | K2: Akumulasi Penyusutan Kendaraan | L2: =Penyusutan!M2 | M2: =IF(E2="","","Penyusutan "&E2&" periode "&C2)
A3: =IF(Penyusutan!D3="","","JRN-"&TEXT(ROW()-1,"0000")) | B3: 46022 | C3: =Penyusutan!B3 | D3: =Penyusutan!C3 | E3: =Penyusutan!D3 | F3: Kendaraan | H3: Beban Penyusutan Kendaraan | I3: =Penyusutan!M3 | K3: Akumulasi Penyusutan Kendaraan | L3: =Penyusutan!M3 | M3: =IF(E3="","","Penyusutan "&E3&" periode "&C3)

Sheet Referensi
A1: Jenis Referensi | B1: Nilai
A2: Kondisi | B2: Baik
A3: Kondisi | B3: Kurang Baik
A4: Kondisi | B4: Rusak Ringan
A5: Kondisi | B5: Rusak Berat
A6: Kondisi | B6: Dalam Perbaikan
A7: Kondisi | B7: Hilang
A8: Status | B8: Aktif
A9: Status | B9: Tidak Aktif
A10: Status | B10: Dipindahkan
A11: Status | B11: Dihapuskan
A12: Status | B12: Dijual
... A14: Metode Penyusutan | B14: Saldo Menurun
